id_municipio,sigla_uf,nome,i111,i112,i113,i121,i122,i123,i124,i131,i132,i133,i211,i212,i213,i221,i222,i223,i224,i311,i312,i313,i321,i322,i323,i411,i412,i413,i511,i512,i513,i514,i515,i521,i522,i523,i524,i611,i612,i613,i614,i615,i621,i622,i623,i711,i712,i721,i722,i723,i724
3300456,RJ,Belford Roxo,0.02362604497757533,0.0162090373984493,1.0301640107123426,10.782704238677155,183.562962824208,179.020696623879,0.6715,6.109327738942181e-5,1,0,4,10193,0.02222222222222222,1.738211321528043,3.0803917923862543e-4,1.682114080976972,3032.5706214689267,0.763,-0.006523540855792043,0.016554508748317633,45544.797042147526,1.1305769327498616,1330328.15344791,0.0808431541034489,0,1603.7280815311,0,0.0282985496993279,0,0,60.9336609336609,0.00105764145954521,0.014806980433633,0.0407191961924907,0.0285563194077208,3.8,0.407006920415225,0.321525315729263,490.070346368715,0.00311468217904285,0.0441176470588235,0,4270.72829535865,0,0,0,0,0,0
5300108,DF,Brasilia,0.02016084852472754,0.0162090373984493,1.0294945985536754,10.782704238677155,180.679901551997,143.46107117173,0.4233,6.068083113456149e-5,1,0,5,10193,0.0217391304347826,2.282360342471813,3.260111631376011e-4,1.682114080976972,4102.056451612903,0.809,-0.0075736211399729525,0.005967604433077579,24936.095531130708,1.128344671201814,1300774.6948201,0.622193961824516,38500000,28852.0511148635,0.0112339858742705,0.0540847752178472,244.610425173943,1,130.919605907918,0.00469689269002261,0.00406596680628823,0.0794090327555688,0.0763069804938748,4.6,0.597864768683274,0.600477911186754,541.717099850011,0.0116306344432433,0.275421115065243,0.339875596352437,6647.87169412748,39,72,75,57,100,43
2905701,BA,Camacari,0.02812851020730911,0.01713982791015774,1.0100600486156388,12.56967610508114,59.1206194238651,85.6214789443702,0.5286,7.848516204897675e-6,1,0.1,10,17,0.00143266475644699,3.1883513229214824,2.0897566792075028e-4,1.4199603831053114,3958.965517241379,0.8,-0.04318170625287204,0.006852886405959032,52149.65927343704,0.7474078612498822,1286321.9827706,0.0607035143270268,0,6480.8829849163,0,0.211311768929445,0,0,90.6232132647227,0.00689061154177433,0.0358886017800746,0.0367499282227964,0.0215331610680448,4.2,0.50305576776165,0.544119774610159,504.506074074074,0.020495729873973,0.0817417876241406,0.208904109589041,8152.63850169491,0,0,0,0,0,0
2303709,CE,Caucaia,0.03854783548214202,0.0162090373984493,1.0306786693447887,10.554393668920394,194.205912095046,244.154435088716,0.5891,6.418397726206221e-5,1,125,12,13633,0.02564102564102564,2.985432456498676,3.9904095164902225e-4,1.6984272563606102,10633.65625,0.763,-0.004362217697728099,0.005328166626301768,44522.834505283616,1.1811494252873564,1167729.53277712,0.180510021625779,0,1400.03702719846,0,0.0693494121649718,0,0,66.1736084079408,0.00276134122287968,0.0291913214990138,0.0307692307692308,0.0157790927021696,4.2,0.23551705468327,0.3938445512632,483.955985832349,0.00584936263488321,0.0300487276664862,0,3607.49066802999,0,0,0,0,0,0
1302603,AM,Manaus,0.08676576846121356,0.02160845318935661,1.026404979068711,11.706666451627685,147.741654726838,75.2521346749812,0.7432,5.236716164328254e-5,0,0.02702702702702703,13,5640,0.01428571428571428,1.7400762592815573,3.9133734134971695e-4,1.6788100594298765,3698.3203125,0.783,-0.012631243492333522,0.0018820577164366374,19726.46679720612,1.0457220461747396,1094387.17745922,0.184673206170718,0,7796.10756579516,0.0222491209868004,0.123320267493735,5109.23988010836,0,98.22385114181,0.00357369300824255,0.0159086979076604,0.0509539454723615,0.0506657444233097,4.8,0.56529954773558,0.595696355965614,497.33361138595,0.0084106017880358,0.153986741837557,0.102099927588704,6189.57494518103,41,57,59,41,60,51
3551009,SP,Sao Vicente,0.00608727381465831,0.01713982791015774,1.0066873271383243,7.926936006302685,18.1276246603256,51.715744787903,0.7382,5.016273572529754e-6,1,0,14,6,0.00112485939257592,1.199891053802273,2.702139169859842e-4,1.305534159301278,2626,0.8,-0.05360682977276682,0.004956463496316142,37277.095682907035,0.6120973044049967,1078478.37889588,0.288604917130103,0,5837.36500745607,0,0.0274555620462322,0,0,67.2699849170437,0.00314564328405159,0.00471846492607738,0.0437244416483171,0.0471846492607738,4.9,0.537169406719085,0.506373827772869,523.879221871714,0.00687730327364904,0.128305932809149,0.0419254658385093,4659.68945418127,0,0,0,0,0,0
3301702,RJ,Duque De Caxias,0.02004184427266427,0.01437148049998785,1.037190197691865,13.9047278882575,252.453720292877,75.8836711056235,0.6263,1.1185473824702344e-4,1,0,8,18195,0.04166666666666666,1.0984017983766916,3.98425888322934e-4,1.789517009359174,2534.6363636363635,0.756,0.002987206536456233,0.001806382551682612,22126.34451126156,1.296760833963215,1073241.89686774,0.157336849365604,0,5694.9519403431505,0.00416003915330968,0.0559042065066161,53.5654839104368,0,96.8540120183811,0.00587299645173131,0.0280190872384681,0.033769729597455,0.0264284840327909,3.8,0.4519669327252,0.473868634550171,513.973580846634,0.0251346092863572,0.0808152793614595,0.0809417040358744,5111.56674756354,50,87,0,0,0,53
3518701,SP,Guaruja,0,0.01713982791015774,1.0039358573959418,7.4049332491573265,0,0,0.5871,3.938922479099605e-6,1,0,4,6,8.9126559714795e-4,2.664792822953589,4.09914140152798e-4,1.305534159301278,3136.342741935484,0.678,-0.0748683575042691,0.0032358552075535487,33004.00672391949,0.3955925826390756,1021567.87033354,0.166035460597843,0,7895.8695876939,0,0.0374709527498064,0,0,45.1282051282051,4.2220814861726e-4,0.00168883259446907,0.0278657378087397,0.0223770318767152,5.2,0.515946502057613,0.562139632805365,513.028879551821,0.0112505501759342,0.141460905349794,0.0461401952085182,4950.23989361702,0,0,0,0,0,0
3548708,SP,Sao Bernardo Do Campo,0.01282959985482208,0.0642636653169624,1.0198880445434912,14.802278840601842,99.5073164488408,64.6107102889818,0.4838,2.5247056032637325e-5,1,0.1111111111111111,19,1127,0.0053475935828877,2.6321442197227887,3.24400874953183e-4,1.614257118873894,13404.942857142856,0.8,-0.024104252471212922,0.00484676757885318,38449.7037556576,0.9256607700312176,1001093.90973573,0.340987093041934,0,18378.8744119717,0.00479811028271942,0.144856327655575,362.427105632243,0,138.462667939212,0.00612681774562634,0.0320366132723112,0.0985458034989296,0.168155311138998,5.6,0.653871681415929,0.626962401662469,545.914638055843,0.0122396841935802,0.227101769911504,0.362077815419361,10228.8618205044,29,80,54,63,63,76
1400100,RR,Boa Vista,0.01276016606439377,0.01538738625202604,1.0624054841021868,10.782704238677155,365.96157138351,0,0.6556,1.61381201889593e-4,1,0.037037037037037035,13,33199,0.08333333333333333,1.467172386061548,2.385947836252899e-4,1.8372221201543264,3443.395604395604,0.806,0.01603225256538801,0.0020981278244028407,32293.885477377466,1.546597000135129,995830.088152821,0.374091669550315,0,5019.7571090563,0.0104736967388717,0.0241044814693568,190.430849797667,0,54.4398741834019,0.00190430849797667,0.00190430849797667,0.0485598666984051,0.0257081647226851,4.3,0.602503912363067,0.506586740378486,508.167809025507,0.0134082755484716,0.227699530516432,0.0793601003764115,4017.31924890536,0,0,100,0,0,0
3106705,MG,Betim,0.07335758145064027,0.03259395497801173,1.0354972437259475,8.285928740726265,219.809113616539,0,0.8243,8.53078500551397e-5,1,0.043478260869565216,6,15047,0.03225806451612903,1.044758659422715,4.415755183605946e-4,1.7887807670291929,1818.216931216931,0.712,-0.0021865534340206327,0.001033515428908903,20761.05349897458,1.2566666666666666,931123.979516627,0.0885949754817564,0,9589.07986462944,0,0.16903487851641,5262.59856016455,0,107.983713931669,0.00702776825505656,0.0377099760027425,0.0327391155296538,0.0239972574562907,5.1,0.486686390532544,0.520368870236575,533.626044600939,0.00953560705239762,0.131903353057199,0.209601081812035,7226.69503611165,0,0,0,0,0,0
3534401,SP,Osasco,0.07619376658038444,0.01713982791015774,1.016698067536143,14.802278840601842,90.5997820343668,132.276062581389,0,1.76712853386491e-5,1,0.25,5,186,0.00288184438040345,3.320903730968577,2.2402041867788258e-4,1.554992302788101,6567.645484949833,0.719,-0.030133450708052095,0.009051138934982652,45458.28915936647,0.894544819422073,909960.749347945,5.6595407868935,0,24282.3701292221,0,0.0845371151412906,0,0,181.396888447534,0.00657534246575343,0.0198356164383562,0.078027397260274,0.14958904109589,4.8,0.601071134303763,0.716643875447742,531.203136495644,0.0102527011229432,0.21546278494919,0.170707070707071,8536.08697206704,59,71,47,56,74,60
3303302,RJ,Niteroi,0.01398875495017665,0.01437148049998785,1.0366507859098923,12.447100722183263,233.277695335234,131.616123121233,0.7692,8.987097821188662e-5,0,0.2,6,15047,0.03333333333333333,0.8456508240407752,9.181662254178572e-4,1.789517009359174,1327.0729613733906,0.823,4.950832539318828e-5,0.016078093597473444,81105.65990405927,1.2681752973298164,898300.787543889,0.145486965416555,0,24308.5675817873,0.0258798318635127,0.0525176851160641,0,0,178.051511758119,0.00626390834913047,0.00370889310145883,0.0780515948240336,0.0741778620291766,3.8,0.675849272052526,0.748772609682665,576.803550632911,0.0108024761352682,0.318869540393948,0.346489283074649,5784.34793196406,49,89,0,56,78,32
3541000,SP,Praia Grande,0,0.01713982791015774,1.0059928634870647,7.4049332491573265,15.3959514171882,106.113334222506,0.7825,4.7047929423853876e-6,1,0.09090909090909091,159,6,0.0010593220338983,1.7338928360173067,3.847136362442938e-4,1.305534159301278,2812.3551401869163,0.845,-0.057454019172275966,0.0068995256576110395,23439.72195414139,0.5336312039608743,894879.684997167,0.267952871971414,0,6550.47676651192,0,0.0369963474489214,0,0,50.7555211158466,3.7771482530689e-4,0.00245514636449481,0.0328611898016997,0.031728045325779,5.4,0.533830275229358,0.669872007513076,526.814402420575,0.0106402781069937,0.132740825688073,0.282306163021869,3386.91553363229,0,0,0,0,0,0
3529401,SP,Maua,0.04985610946846227,0.01713982791015774,1.0135731260592953,13.9047278882575,79.0249229225381,59.9399409438101,0.7371,1.1909538306492303e-5,1,0.2,6,85,0.00210970464135021,3.3364572701122763,5.186611624589758e-4,1.463057790782736,12635.10344827586,0.805,-0.03555582680617886,0.014987182015381581,48115.48362934801,0.8277344799785005,862156.833027869,0.173845026221779,0,6356.15071669521,0,0.131049107674712,2510.67034898318,0,73.0979612133267,0.00401707255837309,0.0519708762239518,0.0464474014561888,0.0677880994225458,5.3,0.552956298200514,0.501416012189328,514.535604813173,0.00401177769431606,0.10719794344473,0.174603174603175,7111.79868045113,0,0,0,0,0,0
3552809,SP,Taboao Da Serra,0.00608797750159773,0.01713982791015774,1.006804268683302,7.926936006302685,29.3864239950178,117.056970897559,0.7151,5.224269010198105e-6,1,0,4,6,0.00113636363636363,0.9136416388011694,3.8345910851938635e-4,1.3996976653042943,5006.603448275862,0.734,-0.047448490560667134,0.004122648801855192,28311.89622671617,0.6201915445786574,835415.289659244,0.150038262627193,0,7481.59780592079,0,0.0671318526388917,0,0,127.27875372887,0.00641025641025641,0.0516194331983806,0.065114709851552,0.116734143049933,5.3,0.528465346534653,0.655097581914248,525.942693069307,0.0108476416691684,0.138201320132013,0.167582417582418,6929.38416241497,0,0,0,0,0,0
1504208,PA,Maraba,0.03159652861481834,0.02160845318935661,1.024741633999701,11.706666451627685,137.408919659264,88.8107931184499,0.55,4.391748511428685e-5,1,0,5,3094,0.01098901098901099,2.658304954272757,1.6818927085487107e-4,1.637974807947454,15588.652173913044,0.713,-0.014923205957460828,0.018618748646893266,28518.782114726026,1.0301013588772556,832156.046244609,0.187256404912583,0,3714.13955517548,0.00800985828712261,0.0706384630312439,0,0,29.5748613678373,0.00369685767097967,0.0055452865064695,0.0289587184226741,0.0231053604436229,4.3,0.403125,0.47158661176388,500.051814895155,0.00959243245714559,0.1034375,0.137648131267092,5397.97396014944,0,0,0,0,0,0
4304606,RS,Canoas,0.07051010730298125,0.02235767058840216,1.0239027087387589,14.802278840601842,118.630771069966,128.864471852514,0.5677,4.112921345858889e-5,1,0,2,2777,0.00847457627118644,2.992279855247286,7.706877779612413e-4,1.617992071838848,11538.783783783783,0.732,-0.019724494646128105,0.02540489044140997,105187.6534702635,1.0175667762713392,830213.888666341,0.195462831728693,0,9719.174464155,0.00814199641752158,0.0913007899263515,0,1,94.8110185778347,0.00635075720566683,0.0372903435922488,0.0589480540628562,0.080768604461814,4.2,0.571428571428571,0.49684707676637,545.433968775678,0.0117992598048978,0.17135989010989,0.129426468546035,5883.61873140172,0,0,0,0,0,60
3303500,RJ,Nova Iguacu,0.06828817127532137,0.01965478874045132,1.0743843727023727,10.782335152807153,534.631320678125,120.290116724603,0.6338,3.6013522579712626e-4,1,0.07692307692307693,5,68599,0.14285714285714285,0.8152252336855318,3.3767110126982624e-4,1.8788516458740416,3096.3900709219856,0.77,0.03232333072101673,0.028088550345155915,26752.66643933783,1.873140067736796,829300.981073386,0.151737212478349,0,5200.90829282713,0,0.0332071141709696,0,0,94.0899735371949,0.00137028014616322,0.0140073081607795,0.0334957369062119,0.0261875761266748,3.8,0.498694895591647,0.518697876441078,512.041315334026,0.0169232098546992,0.102523201856148,0.102029720913374,3693.59242527583,0,88,0,0,0,46
1500800,PA,Ananindeua,0.02211706214487459,0.02160845318935661,1.0247291758504582,14.802278840601842,129.778871354027,143.101592421347,0.5893,4.2590272381257486e-5,1,0.08333333333333333,5,3074,0.01,1.8361976386021164,4.845813165200666e-4,1.637974807947454,12499.115384615385,0.735,-0.015216906124916135,0.00253324889170361,27031.812663663484,1.0230562961125924,821293.555685078,0.238832238956108,0,2412.84308210433,0.00610314311870613,0.0472988590279675,0,0,56.3421828908555,0.00183094293561184,0.0158681721086359,0.0250228867866951,0.0302105584375954,4.3,0.491369863013699,0.465030043498179,506.062363405337,0.00338476116895916,0.107671232876712,0.0318602261048304,4208.95015252622,0,0,90,0,0,0
3523107,SP,Itaquaquecetuba,0.03626947084346332,0.01818658056692751,1.003719218660804,7.4049332491573265,0,0,0.8003,0,0,0.5,6,2,8.756567425569177e-4,2.3766840910376255,4.010045038974368e-4,1.305534159301278,6263.815789473684,668,-0.08527286148866928,0.0012969032054540037,85661.39365577,0.33794992477142083,813959.217757256,0.100727590065109,0,3531.5736568869,0,0.106177668584729,0,0,81.3819577735125,0.00678477195627591,0.0621937429325292,0.026762156049755,0.0275160196004523,4.8,0.459774436090226,0.52870116669181,501.637401129943,0.00653474315285017,0.0849624060150376,0.0579710144927536,4951.73333692722,0,0,0,0,0,0
1600303,AP,Macapa,0.1796068961915948,0.01437148049998785,1.041508126835916,17.410414018526794,285.409917901721,96.8181673638862,0.7717,1.2109509674316967e-4,1,0.09090909090909091,7,28589,0.05,0.5609379612837924,3.6546982463790933e-4,1.8215931653824435,2704.6768060836503,0.718,0.006116033353586792,0.005165289256198347,19149.9226186722,1.335353417633005,795287.063136405,0.347705559876851,0,3726.73405927364,0.0111770072992701,0.0262922321686399,180.03358120438,0,37.6216216216216,0.00593065693430657,0.00228102189781022,0.0348996350364964,0.0262317518248175,3.8,0.521063447212946,0.415878229619199,495.643327305606,0.00630997910820093,0.190084767531467,0.0702413929560744,3488.36101506221,0,0,91,0,0,0
2610707,PE,Paulista,0.03246656355064071,0.01713982791015774,1.0107827629731938,12.56967610508114,63.2501436254853,41.7280599886377,0.7212,8.766956305663759e-6,0,0,8,68,0.00185185185185185,1.7719740583546946,4.0624936958842553e-4,1.4408183848425906,3858.972972972973,0.765,-0.039759628305215844,0.013370473537604457,42820.82158426331,0.7858197535504309,780238.828545773,0.159947565841617,0,2736.34703296638,0,0.0409686330422385,0,0,55.7868442964197,0.00306614104248795,0.0140166447656592,0.0363556723609286,0.035479632063074897,4.2,0.549592099613568,0.481476646894291,508.098361845516,0.00842082269493686,0.0993988836410477,0,4275.27411908646,0,0,0,0,0,0
3154606,MG,Ribeirao Das Neves,0.4586935728205704,0.01713982791015774,1.019373765823341,14.802278840601842,97.2947368080547,57.8845344797605,0.4227,2.4595636265988827e-5,1,0.05,9,988,0.0048780487804878,2.5437627234807088,2.2174298642389407e-4,1.614022628597253,33145.37967914439,0.799,-0.02598960812870932,0.012563555474850191,58691.89678715361,0.9186921296296297,754289.281379663,0.0875539581269987,0,1278.13362330302,0,0.0349346115771375,0,0,60,0.00153295861011753,0.0137966274910577,0.0189064895247828,0.0153295861011753,4.2,0.326952526799387,0.502396051839427,506.7642578125,0.00294813723428391,0.0578101071975498,0,3924.42639235245,0,0,0,0,0,0
3549904,SP,Sao Jose Dos Campos,0.15776615527444307,0.01682766774502778,1.028179907850454,12.01097331678277,171.187479490001,121.286626376734,682,5.831760996766597e-5,1,0.3333333333333333,11,6655,0.01851851851851851,1.4604964877040052,3.1925219186440003e-4,1.682114080976972,2117.1958997722095,0.778,-0.00973706556743581,0.008320078306619356,45490.6146297558,1.1125120938797164,752910.706103245,0.198968824586716,48321638,13201.699614816,0.0301463569837735,0.137550256816517,8792.6622017181,1,146.828844483058,0.0106586064269806,0.0163060769965002,0.080575882914413,0.113108495068406,5.7,0.689208633093525,0.619423123626085,570.962088535755,0.0135465698901858,0.256834532374101,0.29458495460441,7561.8415264342,50,80,48,48,81,52
3305109,RJ,Sao Joao De Meriti,0.15224242089066867,0.02319423336823078,1.048868296988989,11.48466901150814,313.013159786376,215.466787012257,0.7102,1.448917622785382e-4,1,0.5,11,28589,0.07142857142857142,1.0755479537458188,6.706598560406053e-4,1.8311329219388035,1882.2346938775509,0.694,0.012940610151876336,0.007100591715976331,13944.16131017468,1.50133035047234,749685.199745922,0.13657491365857,0,4361.08524984949,0,0.026525060846251,0,0,69.7607379648314,0.00282308657465496,0.0153701380175659,0.0385821831869511,0.023525721455458,3.7,0.484174085064293,0.555667166517795,510.53293768546,0.008809206007671,0.0714638971315529,0,3747.63672604718,0,0,0,0,0,0
4309209,RS,Gravatai,0.04965389875742882,0.02160845318935661,1.0262893893793776,11.706666451627685,146.175750247453,100.727886420456,0.7323,5.202956836931357e-5,1,0.03225806451612903,2,5640,0.01428571428571428,3.147548112945566,6.422287530727946e-4,1.6788100594298765,10905.885714285714,0.77,-0.013302073204822434,0.007242818561257059,39121.443110892615,1.0449493824410288,747915.362844011,0.14952524888725,0,5086.26361516158,0,0.166790608732604,0,0,78.4,0.00250696378830084,0.0504178272980501,0.0428969359331476,0.0534818941504178,4.4,0.549549549549549,0.48197235377921,542.216607538803,0.0108470634475273,0.109459459459459,0.234015345268542,6609.26059694365,0,0,0,0,0,0
3304557,RJ,Rio De Janeiro,0.0454534367689194,0.01482698838818123,1.0321220101015365,11.385872132211285,204.699413373341,207.048246879292,0.5279,7.210883104173187e-5,1,0.07692307692307693,12,13943,0.02631578947368421,1.083448708674469,2.102214816498314e-4,1.7187446289230346,11283.189189189188,0.736,-0.004013651571902949,0.0015515903801396431,23323.68087518898,1.1900181077410594,733026.253701369,0.45145012402045,3130676842.7,38967.2574613379,0.019658963390454,0.0687790031538319,3188.49545194523,1,183.963179862167,0.00745015651234802,0.00711266357860632,0.144396351701386,0.0860185114874157,4.9,0.603859188805073,0.611143414909178,560.377302567982,0.0123227047285197,0.247275973907656,0.292525369392822,8968.52111176007,39,81,35,55,51,44
3525904,SP,Jundiai,0.04882901988539766,0.02160845318935661,1.0254761086770154,11.706666451627685,146.074991578045,153.204843136455,0.4239,4.933602393893635e-5,0,0.05,3,5640,0.01388888888888888,2.905009413547824,2.2164242046616308e-4,1.6554920950252463,7070.7341040462425,0.72,-0.014078638115673309,0.012248050610563483,51417.44496748162,1.0404827516492403,729265.204318831,0.136302482088569,215000,24625.3689507771,0,0.107512491077802,2966.6087646872,0,156.206564738587,0.00666878374087012,0.0190536678310575,0.0900815073568329,0.123742987191701,5.6,0.672990616075071,0.806101808485009,562.782366114898,0.0217209836603292,0.271317829457364,0.146586775090948,9390.23561013321,85,0,0,0,0,52
3513801,SP,Diadema,0.0450641418587453,0.01713982791015774,1.0123544249055916,13.9047278882575,73.6228815255935,97.7846285785464,0.7172,1.0464455650405277e-5,1,0,18,76,0.00208333333333333,2.757826918115851,3.3874089829541963e-4,1.4416492467382689,6871.681818181818,0.739,-0.03688835301530555,0.017395085888236572,52792.58983029921,0.81621535010415,728337.641153187,0.140397580597726,0,11496.4659597253,0.0106565176022835,0.160178826409193,0,0,120.106931449303,0.00647002854424358,0.10104662226451,0.0369172216936251,0.0555661274976213,5.4,0.531416143064282,0.669049684244537,514.677533206831,0.00922408271692238,0.101981633639439,0.28898426323319,7663.95301571464,39,71,45,65,78,74
3301009,RJ,Campos Dos Goytacazes,0.05582842543039721,0.03118655863482596,1.0362376913042206,12.56967610508114,230.752910018371,82.2295040771975,0.4087,8.980463626642926e-5,1,0.3333333333333333,9,15047,0.03333333333333333,0.6522134826239732,4.973655863598851e-4,1.789517009359174,2409.679536679537,0.757,-6.727652845122944e-4,0.0019149751053236309,24074.05625392474,1.2630283202948855,719067.283809652,0.0939654758244893,0,8645.79317313167,0.03024600080656,0.0384030046012406,0,0,50.0259201658891,0.006049200161312,0.00699018685307165,0.0404624277456647,0.023121387283237,3.6,0.556929538030798,0.447868480543024,536.110292598967,0.0223819240978415,0.169855342977135,0.233340168136149,3642.43286647727,0,0,0,0,0,0
2211001,PI,Teresina,0.05546570530923277,0.01686736771017009,1.0225951791922283,14.802278840601842,109.882266490042,175.606063970634,0.4718,3.0725236136172696e-5,1,125,8,1799,0.00763358778625954,2.6774139296813115,4.228728172493006e-4,1.617992071838848,9768.452380952382,0.763,-0.022586632421769087,0.015486955617919134,65896.34083137756,0.9894805543824624,714813.051863432,0.490683189949637,0,8724.13674370872,0.0205412226584408,0.0435058573537731,178.737240605721,0,54.6336661510336,0.00343522153673584,0.00574873808188446,0.0422742568704431,0.0315479528883904,5.6,0.479424122590212,0.593127357504621,540.533020374449,0.0200655757170376,0.166151754819575,0.191104658835951,3793.82216994013,33,0,65,0,90,64
2111300,MA,Sao Luis,0.03585907037112956,0.03023849296500217,1.0339875539980814,10.661838531545659,214.376381140648,148.666845045549,0.7889,7.875969869691389e-5,0,0.1111111111111111,8,15047,0.0303030303030303,1.3394263417062202,2.786543660651798e-4,1.7790112255608332,4592.081632653061,754,-0.002486036943760289,0.0082276311278711,58911.58102987921,1.2500271267361112,711920.795785937,0.37118749640873,0,8201.30971869254,0.0129456706281834,0.0517541558887904,98.1646859083192,0,58.1698449718754,0.00820599886813809,0.00459818902093945,0.0552490096208263,0.0333899264289757,4.2,0.576713935387568,0.620845390765799,512.48979100248,0.0208438587641349,0.139087322742297,0.145825911411946,4709.43570787221,50,53,60,41,84,52
2607901,PE,Jaboatao Dos Guararapes,0.06672793322238009,0.01538738625202604,1.062543153995375,16.5486513227962,371.473645607532,151.484832136691,0.3682,1.963327206933042e-4,1,0.038461538461538464,5,33199,0.1,1.197657923603972,5.110122177176425e-4,1.8532417831892436,2281.0349344978167,749,0.018666855205684146,0.0013686131386861315,22181.715449097916,1.5953469842592547,704400.075230716,0.133038029143673,0,3028.1822754558402,0,0.0581389252948886,0,0,61.1487576637625,0.00223829201101928,0.0180785123966942,0.0304752066115702,0.0234159779614325,4.5,0.46125296912114,0.440502394857721,498.585087842586,0.00642288848694368,0.0758610451306413,0.011643379906853,5600.73463414634,0,0,0,0,0,0
3550308,SP,Sao Paulo,0.04790249290119984,0.02160845318935661,1.02509741332291,11.706666451627685,140.230112624601,101.202631674413,0.5277,4.898317627690792e-5,1,0,3,3669,0.0125,1.1000579710144929,2.636714173265271e-4,1.6554920950252463,10667.763157894737,0.763,-0.014257526997103087,0.011311417462000707,14413.327838418909,1.0360794774460518,699027.90321708,2.0760082265928,39620524597.2712,68940.7270354584,0.0061096483263725,0.0705459155468825,12071.4990547636,0,222.335131191537,0.00744885297500151,0.0172659040009685,0.197797500151323,0.194805096543793,4.9,0.595703125,0.605887597639299,542.31201946472,0.0157056906974031,0.245799833131068,0.168245162583966,11597.0023596162,40,75,48,53,77,66
3548500,SP,Santos,0.05492409529772322,0.01713982791015774,1.0143369391930848,14.802278840601842,85.20990241631,87.559430324085,0.6561,1.3300006542212608e-5,1,0.3333333333333333,4,134,0.00248756218905472,2.4209782687452277,1.667191247374278e-4,1.497028398628722,6186.862068965517,0.758,-0.03348639082385588,0.008153603366649132,43253.34016773789,0.8458575588028587,692437.798990346,0.33144058057454,0,31482.6229898777,0.00213722455597317,0.0606686930091185,35384.0458854742,0,89.1237591944583,0.00228461935293684,0.00235831675141867,0.0670646326184686,0.0684648831896234,5.3,0.695919262834577,0.753036361961689,555.084827213823,0.014498253139739,0.3247038174638,0.0913903778704255,6463.6517026914,0,77,0,0,0,60
3518800,SP,Guarulhos,0.04339983699239113,0.01713982791015774,1.0120587534221928,13.9047278882575,71.5774138267771,70.3531038912129,0.6829,9.322946344446201e-6,1,0,8,76,0.00198412698412698,2.6714846966785615,5.93073359114555e-4,1.4408183848425906,4925.7464788732395,0.798,-0.03895375353396549,0.010258915486077186,55594.19580991254,0.813812744749021,685837.209133029,0.156847451275096,0,10115.5723182416,5.0178412132025e-4,0.0898600708653986,4316.11641670384,0,106.128633965653,0.00479482604817128,0.0407560214094558,0.0514607493309545,0.0732047279214987,5,0.557795905802678,0.658422721734705,521.162176086121,0.00516461345362684,0.150915807295675,0.0799670239076669,7597.66825624741,0,0,0,0,0,0
3530607,SP,Mogi Das Cruzes,0.07920834045919654,0.01713982791015774,1.016861018254677,14.802278840601842,91.2585617892169,110.875794744497,0.5845,1.7793978403124788e-5,1,0.05263157894736842,7,276,0.00290697674418604,2.413553007828656,2.4301587894468558e-4,1.554992302788101,6858.632653061224,0.739,-0.028742649597115394,0.006599979375064453,37733.02042678041,0.896917590565638,685682.19603195,0.207269247864638,0,11192.5884562114,0.00442162316360006,0.0797279302331654,6999.27729710455,0,111.222732491389,0.00299529311082585,0.0185422906860648,0.07245756668093,0.0619027242904008,5,0.638935810810811,0.640006334812957,542.723468862584,0.0123042778885173,0.226984797297297,0.183882270497547,5417.12754763506,0,0,0,0,0,0
3510609,SP,Carapicuiba,0.09414569776755412,0.01713982791015774,1.018218330532971,14.802278840601842,92.617503426866,155.403067750661,0.5156,1.8967473735795397e-5,1,0,7,714,0.0029673590504451,1.3575360974429298,3.630692164325132e-4,1.5918243899333024,14168.000000000002,0.84,-0.028133598144487015,0.023616734143049933,29340.902129075184,0.8995144628099173,666167.621481089,0.118646493810344,0,3070.49137218625,0,0.0546972940654593,0,0,113.590263691684,0.0109579356663132,0.0258041710851891,0.0671615411806292,0.0986214209968187,5,0.49021164021164,0.585769923776659,502.734046321526,0.00621654661872099,0.11005291005291,0,4258.80073529412,0,0,0,0,0,0
3552502,SP,Suzano,0.01920073061806877,0.01713982791015774,1.008949494405347,12.56967610508114,54.784883534537,78.59700481433,0.6896,6.927122440484718e-6,1,0.25,8,10,0.00117233294255568,2.1521690478503843,4.11900684908792e-4,1.3996976653042943,9443.309278350516,0.772,-0.044423108983317555,0.0033551509817941806,32942.456149917976,0.689559486645855,664486.334479589,0.16300712827011,0,7434.61283730558,0,0.0938701964725042,0,0,82.448295136948,0.00351446336847797,0.0229791835631252,0.0500135171668018,0.0462287104622871,5.2,0.596516276413478,0.738183176683557,532.887470049331,0.0138171244057116,0.148486579097658,0.15609756097561,6072.97467756184,0,0,0,0,0,0
3554102,SP,Taubate,0.03019925085098193,0.01713982791015774,1.0102521350730762,12.56967610508114,63.1405682180068,58.142073536939,0.5886,8.609362193886531e-6,0,0,7,64,0.00170068027210884,2.103822863890456,2.628295537968855e-4,1.4408183848425906,4775.361111111111,0.769,-0.043041538522511524,0.004824363033318257,25884.350304992273,0.7837301587301586,663689.251669042,0.163180461239113,0,11906.0292625148,0.0044531528322052,0.131947921882824,0,0,126.925770308123,0.00391877449234058,0.017100106875668,0.0534378339864624,0.0407908799429996,5.6,0.655684754521964,0.640552047675071,549.937944535073,0.0149008453024186,0.244186046511628,0.0675021987686895,6363.51197641949,0,0,0,0,0,0
5002704,MS,Campo Grande,0.05578778195454309,0.01686736771017009,1.0226113539347603,14.802278840601842,115.390749785021,61.9941314106659,0.5268,3.181806374770848e-5,1,0.08333333333333333,2,1827,0.00769230769230769,2.6489518525066007,2.9744710519035783e-4,1.617992071838848,11313.354838709676,0.785,-0.022137294012230274,0.012712328767123287,109936.2077132812,0.9960776852000214,660095.909246466,0.526641411997794,0,9101.32228239925,0.0102304603707167,0.0410545259074018,14274.3361201254,0,100.759297234385,0.0063252846378087,0.0066002970133656,0.0622077993509708,0.0396017820801936,4.9,0.579222603808929,0.528894816356204,535.877051535285,0.0104519409199745,0.216749921948174,0.117653514789003,4905.32880580841,32,76,57,45,64,34
3547809,SP,Santo Andre,0.01775210433792214,0.0642636653169624,1.0202049858691913,14.802278840601842,100.902762424372,109.487973758975,0.5036,2.5728862126865826e-5,1,0.037037037037037035,7,1243,0.00543478260869565,2.2867460352946436,2.4250881453971742e-4,1.614257118873894,15176.32142857143,0.684,-0.02391461171691589,0.02081641691887503,60689.22919566991,0.929845422116528,653841.540727884,0.212720163687925,0,16994.1251614543,0.0133037694013304,0.072199368416974,88.5231286795627,0,128.909229595728,0.00642250936615949,0.0256135790198027,0.0941203455921707,0.151617096108265,5.2,0.695148978084216,0.710373472473158,550.491099972153,0.0135896075548957,0.272223590248707,0.233013698630137,6474.15902321858,41,74,41,69,72,55
1506807,PA,Santarem,0.04070489714463926,0.01682766774502778,1.0278065794796656,11.493612927721772,158.744437569912,101.369329059251,0.5501,5.460655375371967e-5,0,0.047619047619047616,20,6592,0.01666666666666666,1.4092790299834743,1.6641507128122056e-4,1.6788100594298765,10447.949367088608,0.721,-0.010504384313033244,0.0022838002436053593,20538.66918516257,1.0816985600486315,649709.89645044,0.258927885348565,0,3498.84696389364,0.0169748408608669,0.0302043176561295,0,0,21.5608867294261,0.00151561079114883,0.0081842982722037,0.036374658987572,0.0203091846013944,4.6,0.513468809073724,0.645756058667148,509.628735135135,0.0136116558337033,0.135633270321361,0.0361757105943152,3657.37500844595,0,0,0,0,0,0
3552205,SP,Sorocaba,0.05192852237409055,0.01713982791015774,1.013585399460392,13.9047278882575,81.9912188159624,75.6773638435159,0.3582,1.2062221501581653e-5,1,0.1111111111111111,12,114,0.00211864406779661,2.5198553583168968,3.1130872533979256e-4,1.463057790782736,6313.584905660377,0.768,-0.03385768097211819,0.029421598127716483,75926.83008164397,0.8286732970538562,642539.577638858,0.279366368359924,15000000,14010.0913511321,0.00820099903079102,0.131195196340069,2242.83952061433,1,139.150249926492,0.00648624468798926,0.029299932900917,0.073510773130545,0.08305375382092,5.5,0.642436652162785,0.643227692017191,538.862573320719,0.0178715897592586,0.219349884822114,0.256201044386423,7884.8601120944,41,85,46,42,71,61
3205002,ES,Serra,0.05703780279546388,0.03202890648238457,1.0228093496843698,14.802278840601842,117.043000882338,126.405041700532,499,3.466425259921501e-5,1,0.3333333333333333,9,2527,0.00833333333333333,1.3654657740412062,2.671142405334431e-4,1.617992071838848,13763.57142857143,0.697,-0.021129655730864394,0.02585990459452674,32655.2349214351,1.0006158842137678,637024.188265141,0.121308056449118,0,4864.77356943914,0.00215343203230148,0.104215545679813,60.6579273216689,0,105.190311418685,0.00484522207267833,0.0162853297442799,0.0320323014804845,0.0413189771197847,4.5,0.454363089267803,0.414802196212979,513.158388548057,0.0181763614245352,0.0994650618522233,0.448818897637795,5722.79115852402,71,0,0,0,0,0
1200401,AC,Rio Branco,0.1042694440729692,0.02319423336823078,1.04848850590844,11.48466901150814,309.974678984653,134.6444741401,0.2524,1.436788070926894e-4,1,0.1111111111111111,10,28589,0.0588235294117647,1.7397209652617769,4.8478472619050854e-4,1.8311329219388035,3457.0217391304345,0.72,0.011979492127052238,0.0022904784809546714,25356.725347271746,1.4870634499547457,627540.597380233,0.372511463094617,0,6587.59633998646,0.00863185153215365,0.0311499109432033,21395.3388001726,0,34.5263157894737,0.00237375917134225,0.0073370738023306,0.0369011652999568,0.0209322399654726,4.8,0.473615208128482,0.537342029688521,508.54654233495,0.0143391367798985,0.179941002949852,0.16374269005848,4416.76636496962,0,0,0,0,0,0
5108402,MT,Varzea Grande,0.11108021671869714,0.01687294028073438,1.4259385721690625,8.924716494393877,1140.53520460712,159.268975946923,0.7723,5.80330212621191e-4,1,0.05,7,68599,0.2,1.5499260408924642,0.0027983089930822447,1.9792182088075212,3430.95,0.718,0.1338442972685703,0.0056408238226420045,32042.664626364935,2.6468093128475823,616464.316603968,0.229436486014271,0,4644.01968779164,0,0.043623068639972,0,0,54.0540540540541,0.00128832775057975,0.0208709095593919,0.0378768358670446,0.0242205617108993,4.3,0.502449265220434,0.548270050413842,489.214737762238,0.00408392725350188,0.143456962911127,0.207792207792208,4393.88927439533,0,0,0,0,0,0
1100205,RO,Porto Velho,0.02670337047010291,0.00761281383284587,1.0657612494974265,11.66282068834958,460.471708649101,134.432525197294,0.7608,3.0994634659392074e-4,1,0,6,37407,0.14285714285714285,0.5784904054329121,4.750216286224695e-4,1.8788516458740416,1561.878612716763,0.801,0.027194904535902842,0.008544400366188587,14314.962286373167,1.7377922944830293,612583.913541913,0.322859611111999,0,7729.95526749151,0.00682146136691591,0.257579248177794,26146.0552276007,0,34.4428736666238,0.0097074642529188,0.00511609602518693,0.0365997638724911,0.0217762035943854,4.4,0.537893946973487,0.460437990300023,511.174414307004,0.0107802198622679,0.175462731365683,0.125189845953569,4586.974921875,0,0,0,0,0,0
3509502,SP,Campinas,0.04772129081718015,0.01713982791015774,1.0131089749987954,13.9047278882575,78.6303118485249,146.324713046871,0.5978,1.187524468067585e-5,0,0.5,3,84,0.00210084033613445,4.336851724218042,2.7004127578380643e-4,1.4419818598682028,8608.733333333334,0.768,-0.03618067013739473,0.0053233319218438085,42719.15540887303,0.8166660393691896,611845.505947477,0.342298509397723,2300000,27500.8129152405,0.0389510077975577,0.103087342474709,2967.65079226129,1,165.687844812244,0.0146388112402531,0.0141606591143151,0.092136236574959507,0.0942327497425335,5.2,0.635840788752967,0.56962956919469,556.733078253351,0.0117617245203532,0.26593025378857,0.396542291279133,8589.36797649165,46,72,42,53,74,52
2304400,CE,Fortaleza,0.06319086467112865,0.03896029904009988,1.0434148588184629,17.410414018526794,302.845571904892,61.0007705626813,0.4683,1.2911322587531821e-4,0,0.022727272727272728,6,28589,0.05555555555555555,1.7845612932846822,5.536524706901949e-4,1.8268510568333365,3567.5,0.716,0.00861868776950439,0.0017323516673884798,22583.857168099898,1.3836007711576983,603054.469710713,0.461385962730295,5000000,13835.6991877978,0.0173618268856364,0.054985752846615,3635.99670171099,0,115.048020823983,0.00517648136695756,0.00742115027829314,0.0561854371378181,0.0465196179481894,5.1,0.344121998789428,0.523580650491952,521.83072670419,0.0119646715114614,0.0998722173649876,0.291926433915212,4405.76149339002,43,64,50,35,69,32
1721000,TO,Palmas,0.04361811660276573,0.01437148049998785,1.038558679912443,17.410414018526794,268.08346474038,0,0.6339,1.1769936703513912e-4,0,0,11,22210,0.04545454545454545,0.46443210385879097,4.350545878150538e-4,1.801639491937663,3662.163043478261,0.782,0.005528826383608243,0.002190100744634253,12731.315972739178,1.32207209257541,594837.423076178,0.669468419540437,0,9600.19395945096,0.0150096836668819,0.0357224531919759,27415.816655907,0,66.8128901636578,0.00532601678502259,0.00435765009683667,0.0603615235635894,0.0335700451904455,5.4,0.624764150943396,0.62692824054909,530.752041371802,0.00943539520061562,0.257075471698113,0.181041181041181,4672.62240890035,0,0,0,0,0,85
5103403,MT,Cuiaba,0.34309559280083213,0.01980618397210392,1.3437729062754942,11.154684057105209,873.165414282254,96.767559980259,597,4.93471010325471e-4,1,0.1,7,68599,0.16666666666666666,1.1927538788705263,2.7107029551411567e-4,1.944088028305922,1997.3904761904764,0.737,0.08847593771358772,0.002373759171342253,22287.702209869003,2.159297052154195,593224.436009842,0.664646812020587,0,16531.0994573566,0.0111905082917622,0.0417596934073027,21137.808413105002,0,101.04433224981,0.00262909532155858,0.00660644465417285,0.0622219226102198,0.0473911284886073,4.3,0.663534293385404,0.6503877176655,533.60894866868,0.0100777847227306,0.301684159140835,0.180366369187412,5093.8850604756,48,78,66,0,81,0
3304904,RJ,Sao Goncalo,0.02215738114949769,0.01713982791015774,1.0098681021744746,12.56967610508114,57.6509285777571,61.284334561263,0.6375,7.2512485060529105e-6,1,0.07142857142857142,15,11,0.00131752305665349,2.459491020798923,1.912951285922841e-4,1.4199603831053114,5184.709090909091,751,-0.04329202758004669,0.003337571519389701,27785.512671788383,0.7357171196191232,586523.851729313,0.137779096664363,0,3805.36298853651,0,0.0499630031741202,0,0,83.3017796289284,0.00165220983064849,0.0083987333057965,0.0428197714443068,0.0313919867823214,3.6,0.528173190984579,0.330324096227505,524.28843579235,0.00697328910950772,0.107651245551601,0.00562904587672389,4212.56178082192,64,89,0,0,0,43
3303906,RJ,Petropolis,0.00695470433880488,0.00761281383284587,1.0629857147389026,11.66282068834958,386.905827765527,138.526697017932,0.7313,2.846557109565226e-4,1,0.06666666666666667,12,33199,0.1,0.01856073996477902,4.389981757373512e-4,1.87423859057258,4404.842857142858,0.81,0.018810276696731243,0.005759321006365566,16053.850928578271,1.600510615425961,583446.784980003,0.158089378161783,0,13003.8481917277,0,0.0545989714174816,2093.90497520397,0,99.506325208269,0.00175971844504879,0.00623900175971845,0.0614301711726124,0.0611102223644217,4.2,0.462563811684628,0.517648366238593,543.173233180927,0.0106738255933425,0.160521837776517,0.154309371471584,4748.1470192926,0,0,0,0,0,0
3552403,SP,Sumare,0.0387368214504637,0.01713982791015774,1.0120120412676454,12.447100722183263,65.6238434047464,48.7969518747201,0.3429,9.227157684339268e-6,0,0,5,76,0.00193423597678916,2.5994985832015827,3.36883494270924e-4,1.4408183848425906,6089.720930232558,0.762,-0.03932312115701836,0.029400326670296337,48959.39743963624,0.8096236028928336,560509.010512956,0.122785219204402,1100000,6252.60939370418,0,0.116278489539801,0,0,107.071854586765,0.00211528291909043,0.0407191961924907,0.0388683236382866,0.0388683236382866,5.2,0.519183673469388,0.517393589246268,513.554340044743,0.0062943561416053,0.0979591836734694,0,10052.9532119914,0,0,0,0,0,0
3118601,MG,Contagem,0.0211675815766732,0.03023849296500217,1.0332543059674908,11.785197891600298,207.451745428297,167.465106748857,0.6359,7.286661970079542e-5,0,0.1,7,13943,0.02777777777777777,2.7272826440785964,3.132324575858633e-4,1.7228309558266144,8493.117647058823,0.799,-0.002923153468429446,0.001802649110431852,29988.913726497845,1.2189904297241507,550032.3489647,0.146722064490594,0,10169.9383348495,0,0.0863983332563009,0,0,93.5203176480527,0.0058410226022179,0.034961483111826,0.0258190129518327,0.0310674680436807,4.7,0.53470715835141,0.509790971823887,545.031763864043,0.00977822350483055,0.149829563061667,0.171046344959388,5560.38719094546,51,100,53,0,84,38
5201405,GO,Aparecida De Goiania,0.03920637132958844,0.0642636653169624,1.020811521493843,14.802278840601842,102.143392926275,57.9699399058621,0.6886,2.7165928614643556e-5,1,0.14285714285714285,7,1271,0.00628930817610062,3.743091446596819,2.0497678598027942e-4,1.614257118873894,18869.173913043476,0.772,-0.02353021382989151,0.010022846193529368,51915.03181609259,0.947319695917677,541058.33596809,0.168466886126999,0,2450.331090781,0,0.0740459959729264,175.003593502947,0,109.534368070953,0.00129366106080207,0.0343538881701883,0.0396722725312635,0.0300416846341814,4.7,0.414512555391433,0.524546677425592,516.826502802932,0.00479092714524372,0.0757016248153619,0.137704918032787,4505.26873812474,100,0,0,0,0,0
2927408,BA,Salvador,0.05025533148458543,0.03023849296500217,1.0341770221625504,12.055490000957683,217.713597689988,72.0003332838664,0.5943,7.988463008731407e-5,1,0.14285714285714285,7,15047,0.03125,3.092710280669269,0.0011593228509922068,1.7790112255608332,5996.921800947867,0.847,-0.002388589257764806,0.004819241377265043,36759.663428974374,1.2522201991676576,534930.672649059,0.471167628098388,173846765.948117,14462.9042632897,0.00915003585824863,0.0503039474476153,3553.25726438658,1,102.130473806037,0.00499542498207088,0.00331379677028464,0.0674629670846007,0.03966664193684,3.7,0.589909977494374,0.418558814260727,532.796627707116,0.0156127252725372,0.183983495873969,0.244428423659217,5727.90460095448,50,77,57,42,62,33
2609600,PE,Olinda,0.10501885043885886,0.02146105894242244,1.1038067431432168,9.234123553649853,563.346926743824,108.321757965431,0.6314,4.182339166895609e-4,1,0.2,8,68599,0.16666666666666666,1.4121515863049077,3.375286791215995e-4,1.9425774117098569,2081.091328413284,0.718,0.03713747275051621,0.016830941264626205,36445.752615309466,2.0114285714285716,532297.894869888,0.202323260405546,0,3656.90233507901,0,0.0440413461732582,0,0,68.3480453972257,0.00292087095061073,0.00902814657461498,0.062931492299522,0.050185873605948,4.4,0.550738007380074,0.463664936976836,512.00825945946,0.00665386668543652,0.145064575645756,0.0411495754408883,3758.86880301602,0,0,0,0,0,0
3201308,ES,Cariacica,0.05700975187202053,0.01713982791015774,1.0157474908429678,14.802278840601842,86.0034766054595,107.099837821834,0.7623,1.4742058449366983e-5,1,0.05,4,146,0.00253164556962025,3.178744570098426,2.041815260652476e-4,1.5246071595552213,10392.190476190475,0.807,-0.03267743630924913,0.0074008086068663055,44442.523452675,0.852623107489563,528225.123918858,0.145189978840525,0,5045.31316834629,0,0.050349754059866,0,0,74.7971046282079,0.00249320036264733,0.0183590208522212,0.0330915684496827,0.0346781504986401,4.3,0.450045620437956,0.426776603032909,520.07762954796,0.0120109435662862,0.0994525547445256,0.416260162601626,4110.0164235098,0,0,0,0,0,0
5201108,GO,Anapolis,0.0299163274331118,0.01682766774502778,1.0276165987964805,11.493612927721772,151.467030053986,84.7054311989425,0.8022,5.414500165723008e-5,1,0.023255813953488372,4,6592,0.01666666666666666,2.5834168989138644,3.7568878209426684e-4,1.6788100594298765,11375.703703703704,0.737,-0.01059845127014572,0.00639897616381379,41456.25193416796,1.0746530314097882,526220.985997321,0.316045043617648,0,7682.05013038237,0.0089752176825184209,0.0712250712250712,0,0,107.921462423832,0.00415271265907569,0.020629604822505,0.0401875418620228,0.0246483590087073,5.5,0.534211742949607,0.618175922137206,549.465968085106,0.00774416149479001,0.199260286638927,0.182884180209833,5537.24156760773,0,0,0,0,0,0
3538709,SP,Piracicaba,0.01719697684148184,0.01713982791015774,1.0075984599592696,10.527299296457924,38.6713170994379,31.6995316610352,0.6909,5.599077224311549e-6,1,0,8,10,0.00114810562571756,2.2321836905521684,3.21100593480571e-4,1.3996976653042943,5470.298245614035,0.789,-0.0462801864869401,0.001483079412161251,39043.31507544227,0.6450103611411592,522615.829192392,0.265252361826954,200000,19875.0501322284,0.0297266396424488,0.142907486916837,155.908949173683,1,87.3129739700758,0.00467726847521048,0.0437584450680802,0.0557114645047292,0.0368984513044382,5.5,0.600344036697248,0.731038185973338,552.880568990043,0.0161626334788218,0.196387614678899,0.162285313704872,7023.55601085973,0,0,0,0,81,65
3106200,MG,Belo Horizonte,0,0.03896029904009988,1.0433511833190166,17.410414018526794,299.566779512308,152.682890961762,0.5406,1.232723206155105e-4,1,0,9,28589,0.05555555555555555,2.291580487190541,2.487800642933101e-4,1.8268510568333365,3805.5115207373274,0.75,0.008460345656076257,0.001532860701283771,25035.79950969796,1.3472543724279835,522463.846212076,1.13099714408107,3266159498.7724,35641.9274137877,0.0167857884278893,0.0671191029102631,2911.68242459741,1,162.586996609363,0.00929742874936979,0.00879326195913283,0.085189359115039,0.0876805361962099,4.7,0.592595165323701,0.631102845901012,572.083300986193,0.0122605446511973,0.255418171714365,0.432178521871659,6185.33875134374,38,81,53,49,75,29
2800308,SE,Aracaju,0.01732192698143808,0.00761281383284587,1.0638767881161597,11.66282068834958,427.324226533683,369.817634894009,0.5409,3.0024504681178663e-4,1,0.05,10,33199,0.14285714285714285,1.2748410137942938,2.039748331758675e-4,1.8788516458740416,2874.847328244274,746,0.024767380976427028,0.008286377195889956,21191.472867246583,1.6729251700680274,518251.070927036,0.611120748822332,0,15852.3564317722,0.00495484695916247,0.0427337359529088,8186.77663230241,0,55.5644901897716,0.00639335091504835,0.00375609366259091,0.0617757532166547,0.0388396068089187,3.7,0.553699551569507,0.496728579577428,551.541169504071,0.0143333588517855,0.193385650224215,0.0570932489020529,4000.01150472129,42,65,78,0,76,46
4209102,SC,Joinville,0.2147418668008313,0.01713982791015774,1.018504485940732,14.802278840601842,94.1447657438001,105.549024959605,0.5094,2.1244302162098235e-5,0,0.043478260869565216,1,769,0.00301204819277108,2.633648986632169,5.549873024014923e-4,1.601742696053306,9995.689655172417,0.691,-0.027249312922483004,0.01718667371760973,51832.02137695596,0.9059460738925516,513123.19704356,0.272225069563182,52000000,16021.3550854297,0.0094948177139958009,0.152435251344537,3972.46336015076,1,148.123473240062,0.0124664782199029,0.0280495759947815,0.0633471044429949,0.0839312894107415,5.8,0.608087679516251,0.550142209581809,550.183787951807,0.0164602878820433,0.206538170823885,0.388975289441852,6718.97630257443,48,80,0,0,71,0
4125506,PR,Sao Jose Dos Pinhais,0.10852757593796956,0.01686736771017009,1.022627962928971,14.802278840601842,115.775203113462,97.5282565917358,0.6086,3.464565108249094e-5,1,0.024390243902439025,7,2122,0.00775193798449612,2.2662016255951114,3.7007082899511237e-4,1.617992071838848,16270.964285714288,745,-0.021318037330940814,0.01069747539580659,34908.30642127736,0.9995042633353164,511906.134027081,0.132850468157033,0,8874.41002928695,0,0.144310329070855,0,0,213.88985105646,0.00668672684720829,0.0461384152457372,0.0442995653627549,0.049983283182882,4.9,0.536426380368098,0.509503373217663,528.128954372624,0.00834628923582765,0.152990797546012,0.410596026490066,8981.05333333333,0,0,0,0,0,0
2704302,AL,Maceio,0.00818796267104867,0.00761281383284587,1.0634202393706518,11.66282068834958,391.771408799933,132.226506225894,0.4892,2.904263148679996e-4,0,0,7,33199,0.14285714285714285,0.25989001056788474,5.047013050673378e-4,1.87423859057258,1438.32,0.684,0.021580162394489177,0.0015403573629081946,31920.1972655824,1.65234375,510626.204774202,0.464072786036517,0,9969.70188843124,0.0145179634709306,0.0390859377386735,147.186726433398,0,85.3593374298691,0.0083628821837158,0.00515153542516893,0.0452933699070047,0.0340536562520907,4.2,0.481912144702842,0.449158345785243,524.65515436516,0.0148455343083144,0.177002583979328,0.140383080606544,4670.39882597095,62,68,54,44,68,60
2611606,PE,Recife,0.07356992527831735,0.03445808479688203,1.0495655272563449,11.706666451627685,356.563091276061,275.570339522769,0.7544,1.5782535830215487e-4,1,0.07692307692307693,13,29370,0.08333333333333333,1.5092003813852457,3.7622291336437676e-4,1.8372221201543264,3311.3709198813053,752,0.014566911814673816,0.002617430673457838,30699.565237647617,1.5308814389085412,510518.750740936,0.498630462891253,117200000,21311.5920944819,0.0330304252085724,0.0512041733431322,659.508916664082,1,111.348148148148,0.00775362094097944,0.00775362094097944,0.0591446205377911,0.0552057810997736,4.8,0.587513340448239,0.621508129864572,537.93662330574,0.0472528861304593,0.206756423938921,0.256814395201599,5613.48795103369,53,67,55,47,71,53
4305108,RS,Caxias Do Sul,0.02445218131290385,0.0162090373984493,1.0303656700944446,10.782704238677155,186.044198130256,125.926809568246,0.5613,6.120932329978622e-5,1,0,10,11814,0.02272727272727272,1.2469113442605984,3.0119838826166145e-4,1.6851045186077669,2741.099290780142,0.717,-0.006329956422836791,0.00657298277425204,25849.324426906285,1.170873082960995,502592.744553939,0.317181177940764,0,16713.1015855922,0.00676674185268725,0.178306719415756,3463.185589951,0,123.300159538099,0.0172668585206502,0.0879676440849343,0.0714007933421482,0.0510227891421016,4.7,0.559467455621302,0.507684374194523,554.926767143934,0.0121286682564799,0.144970414201183,0.308922405960385,5993.08191026411,0,95,64,0,0,0
3506003,SP,Bauru,0.02028228482799825,0.01686736771017009,1.0217296124908224,14.802278840601842,105.455030697947,69.6488311765908,0.7972,2.831641805482646e-5,1,125,7,1498,0.00666666666666666,2.9940446670691223,6.274511845907361e-4,1.614257118873894,9916.287671232878,754,-0.02326228423817267,0.011468766725284808,40489.20712070369,0.9523126996924364,499628.097102873,0.426078980547889,0,14633.9416173704,0.0147311563957771,0.101739967059668,0,0,102.613981762918,0.00564694328504788,0.0159587527620918,0.0556101153940584,0.052909403388166,4.9,0.629168872419269,0.622868958511455,548.758826597132,0.0116065803101861,0.237956590788777,0.387298453438631,5335.55655382411,0,0,0,0,0,66
3170206,MG,Uberlandia,0,0.01682766774502778,1.026930198428348,11.493612927721772,149.025446435803,110.870643374117,0.7708,5.3892204705981724e-5,1,1,4,6592,0.01587301587301587,2.346663988413653,2.850071739111444e-4,1.6788100594298765,10423.94,0.808,-0.010872334559979074,0.005720505226921811,54426.07734125369,1.068663313519281,495094.627398398,0.462546732480493,1000000,12943.3609794551,0.0213586472856719,0.0649193487995926,59.9150400474637,0,113.955853322965,0.00593295757935331,0.0121625630376743,0.0643725897359834,0.0757045387125482,4.8,0.572061506385197,0.586209113646336,562.939801324503,0.00730727409393414,0.224133437581444,0.444194463464736,5514.05478660422,0,72,36,46,81,0
3526902,SP,Limeira,0.12480992281361504,0.01713982791015774,1.0182490215675852,14.802278840601842,93.9882177844134,158.693029115652,0.7103,1.911761025648423e-5,1,0,7,721,0.0029940119760479,1.36590342027113,3.321792386905445e-4,1.5971634377345831,7584925,0.815,-0.027840569367251017,0.015139226818058935,37835.80531024512,0.9023646638905414,493602.916797169,0.221382812343063,0,13343.1289806714,0.0033127541032977,0.150688474836396,0,0,85.1476289889651,0.00557145008281885,0.0551121819003162,0.103900015057973,0.0411082668272851,5.4,0.634146341463415,0.642090425394664,561.104491456469,0.0166690788833176,0.200725115359262,0.43298969072165,6541.35653948066,0,0,0,0,0,0
4106902,PR,Curitiba,0.07533947974160263,0.03259395497801173,1.036071987497165,24.11373459229807,221.134405411651,202.764130750885,0.3403,8.674504142292506e-5,1,0.08333333333333333,12,15047,0.03225806451612903,1.3912390326719233,3.430515354082747e-4,1.7887807670291929,2673.105069124424,0.711,-0.0010588209522911507,0.0018794668249375573,22232.68391109319,1.2589832313015703,492209.888354013,0.684533653727771,3633766040.4,38169.9470827397,0.019309096394629702,0.0716764718647436,276.673966661638,1,197.989362103437,0.0115779152209986,0.0159903454518027,0.119399607783979,0.123510333383617,5,0.674913644214162,0.605520907357374,564.329436762912,0.0222324520054707,0.322107081174439,0.223233041665977,6865.61446653858,43,80,45,58,81,30
4314902,RS,Porto Alegre,0.01832264875423591,0.01437148049998785,1.0371404760899492,12.447100722183263,240.173656761617,143.153241423142,0.4931,9.947845781515657e-5,1,0.09090909090909091,10,18195,0.04166666666666666,1.7742464474423667,3.626084048895688e-4,1.789517009359174,2335.465277777778,0.785,8.549891654668074e-4,4.795013186286262e-4,26622.380203686324,1.2907987627738062,492078.595930726,1.16922100493328,1004027724.8,79549.9521952658,0.0227188081936685,0.0636622123803972,5390.26671558038,1,149.605165254542,0.00762259466170081,0.0143761638733706,0.134549968963377,0.113345747982619,4,0.64056461098975,0.481905706466804,563.904228456914,0.0225177005884184,0.282137455889766,0.516276537833424,6901.23447288616,34,73,42,41,64,52
3205309,ES,Vitoria,0.04032047792207211,0.01482698838818123,1.0315066035766065,11.385872132211285,199.294747323408,169.099190761734,0.6407,6.9069798127566e-5,0,0.08333333333333333,13,13633,0.02631578947368421,1.256778407509922,3.783741628449152e-4,1.7184788025639703,4113.433734939759,751,-0.004055618046624188,0.0025549310168625446,12392.141711851864,1.187411422902494,482259.404474091,0.408692255085659,0,50533.7856706014,0.0260809883321894,0.0695382795765471,47474.5992844887,0,137.517029972752,0.0103809196980096,0.00214481811942347,0.0845058339052848,0.0822752230610844,4.6,0.629023307436182,0.768341950341554,569.017012002527,0.0258936556925395,0.277192008879023,0.560372110866021,6269.45464197209,0,0,0,0,0,0
2504009,PB,Campina Grande,0.3753670238466687,0.02319423336823078,1.0490228308519662,11.48466901150814,348.038714913743,161.20489796075,0,1.457526953969599e-4,0,0,19,28591,0.07142857142857142,1.5026368171768494,8.329290047027866e-4,1.8372221201543264,3190.9377289377285,0.824,0.013393296236857477,5.608524957936063e-4,24333.004098941077,1.517831404958678,480218.486722968,0.383333591783523,0,7516.27766232511,0.0692940666955392,0.057936867310836,1227.08574996391,1,95.7602339181286,0.0297387036235022,0.0153024397285982,0.0444636927963043,0.0310379673740436,4.1,0.451970802919708,0.50874682667036,542.821277001271,0.0124514789654011,0.156350364963504,0.29356357927786503,3598.48957411687,0,0,0,0,0,0
3170107,MG,Uberaba,0.03951280532860558,0.01437148049998785,1.0385341237975263,17.410414018526794,264.185921125474,108.441455677326,0.5527,1.1690966853371478e-4,1,0.043478260869565216,6,18195,0.04347826086956521,0.870807965005621,3.175584216106303e-4,1.789517009359174,3019.9327731092435,0.682,0.004778150569040712,0.009026210727304288,19445.591537376586,1.3107327289945314,478390.472947445,0.29868537913309,13723696.64,10336.7197518492,0.0102930491644466,0.0508795143794807,0,1,96.5092402464066,0.00641801889077258,0.015863405182853,0.0432308064906757,0.0233712763380964,5.1,0.541989279332936,0.575321228873293,556.600305232558,0.0111616418245189,0.212924359737939,0.165066798614547,4818.66294550063,0,0,0,0,0,0
2408102,RN,Natal,0.09016952950539232,0.01437148049998785,1.0396092531421344,17.410414018526794,272.219679810835,110.056494158286,0.6111,1.2024931867682541e-4,1,0.0625,8,22210,0.05,0.9425957626214652,5.264458400051573e-4,1.8215931653824435,3175.2741935483873,0.677,0.005569850564972778,0.0010621348911311736,14122.976426301888,1.3263228299643282,478193.290710324,0.480992879502252,0,9860.21122483573,0.0299994035903859,0.0418177181779704,83.5347963261168,0,80.0832033281331,0.0058448142184052,0.00465199499015924,0.0543329158466034,0.043239697023916,3.4,0.542046250875964,0.441532680696262,550.56632014176,0.0209281446461775,0.188770147161878,0.283192045382115,3811.61007241299,58,72,76,0,70,64
4202404,SC,Blumenau,0.0862799880452621,0.01713982791015774,1.017184904072775,14.802278840601842,91.6127868993416,127.198417031851,0.8923,1.8864963380013006e-5,0,0.5,9,543,0.00294117647058823,2.035147434698585,2.164906953140112e-4,1.5586034912718203,9721.818181818182,0.805,-0.028400683923466036,0.010509440684004275,55369.58351985224,0.8980530016224987,470933.985540327,0.453482558270838,9500000,16803.1436856268,0.00483139420232696,0.10312831523753,5905.26382370341,0,136.287377874272,0.00838098994281207,0.0317491619010057,0.0816407020311576,0.0985012817984618,4.9,0.552551640340219,0.545208920220568,550.653753623188,0.011315276964687,0.235115431348724,0.195003046922608,6244.53689299461,0,0,0,0,0,0
4314407,RS,Pelotas,0.051484465979621,0.01682766774502778,1.0279365926024704,11.493612927721772,165.109775899714,153.735018457309,0.6275,5.6895544661434725e-5,1,0.25,9,6655,0.01785714285714285,3.721780877827232,3.7579041166675204e-4,1.682114080976972,4831.598130841122,0.733,-0.009994944665887961,0.0031319541745652353,78854.597306296,1.101851851851852,470279.774498718,0.479524613842037,0,9264.19136132811,0.0140208050655812,0.0515444419005146,7996.35839589929,0,60.2427255446703,0.0119101462385044,0.01387004372079,0.0610583446404342,0.0428162219206995,4.4,0.526219192448873,0.459370821507017,546.41056691993,0.0298558672111877,0.202936549554274,0.376889848812095,4647.97344719278,0,0,0,0,0,65
3543402,SP,Ribeirao Preto,0.0220642360114733,0.02160845318935661,1.0244444932022725,14.802278840601842,126.667971579962,162.260583077307,0.7211,4.221706740451617e-5,0,0.09090909090909091,6,2902,0.00961538461538461,1.9658352637656316,5.077829900685896e-4,1.637974807947454,14943.553191489362,0.776,-0.017021015044735827,0.024866190900981265,44897.70070041782,1.0209599549063817,460525.110071249,0.60892006191879,2510000,23917.0047367369,0.0131734071454201,0.0619770567523568,2573.46595520016,1,141.11909650924,0.00507458096263263,0.0191193807986058,0.086062842790507,0.0608437131580296,4.8,0.637485970819304,0.571897763421735,569.843686934023,0.00864703826934715,0.27483164983165,0.127820152549177,5615.23029233227,40,78,53,53,74,51
2408003,RN,Mossoro,0.0615395598895721,0.0206529008997197,1.0425043507754677,17.410414018526794,291.889670487266,135.252484484004,0.8476,1.2262836490583578e-4,1,0.16666666666666666,3,28589,0.05263157894736842,0.8372596746114046,2.469476950875576e-4,1.8268510568333365,2029.357142857143,749,0.006719502441824815,5.934718100890207e-4,20028.26340536663,1.3444005661066472,458561.398619314,0.372765139867166,0,5734.57891254543,0.0331205107741421,0.0565875964561303,0,0,49.5110024449878,0.00299281723862729,0.0139664804469274,0.0375099760574621,0.0209497206703911,3.9,0.490034877927255,0.450675748587257,539.797768147346,0.0393492595259875,0.133532635774788,0.160631143300569,3027.44137625289,0,0,0,0,0,0
2611101,PE,Petrolina,0.01810652390888851,0.02850292003290433,1.029097945226039,10.782704238677155,172.565039534209,83.6549941369788,622,6.012425886473498e-5,0,0.09090909090909091,13,8013,0.02,0.8106393343671577,5.977947035207007e-4,1.682114080976972,12880975,0.822,-0.009083455845316335,0.0037017451084082496,15598.12352982812,1.1189337593140896,433185.536252387,0.298476892043828,0,4984.67617399241,0.0116299253601805,0.0312595853706945,0,0,41.113105924596,0.00381878146155181,0.00555459121680264,0.0302030897413643,0.0175316785280333,5,0.482914923291492,0.594094799171031,526.89228876128,0.0134651941810864,0.14592050209205,0.18539755351682,3816.68273107646,0,0,0,0,0,0
3549805,SP,Sao Jose Do Rio Preto,0.2767872166497477,0.01713982791015774,1.0186293195993812,14.802278840601842,95.294209454304,58.2261330773304,0.6845,2.2492007980682166e-5,1,0.041666666666666664,4,801,0.00307692307692307,2.767318445395554,2.5292272053444715e-4,1.614022628597253,10225.411764705885,0.784,-0.02706626290060879,0.01804219786774025,52169.12807031136,0.911810438074635,433074.109378868,0.530846780031449,0,20040.2374262799,0.00872418164193572,0.068384975561068,745.656550592797,0,142.461238858512,0.00328088882260831,0.0219968682424875,0.0897770486913727,0.0553277160539855,5.3,0.61768219832736,0.699118815690298,563.824718446602,0.011043098281029,0.254082039028276,0.171752798650514,5004.84808466433,0,0,0,0,0,0
4113700,PR,Londrina,0.02166076377142717,0.01686736771017009,1.0220665760070051,14.802278840601842,106.300096079149,116.761470622563,0.5491,2.8747879993318084e-5,1,0.3333333333333333,5,1556,0.00694444444444444,2.7685956151508924,5.522815998615749e-4,1.614257118873894,14696.244897959185,0.736,-0.02279392585738732,0.007227433492234353,49425.2892486185,0.9563633258375792,432586.286263272,0.544103551906503,100000000,15033.5674918656,0.0185035703197765,0.0627427330840671,104.217944737659,1,103.629208570179,0.00751319466004347,0.0204905308910276,0.076622167028873,0.0514746972989755,5.3,0.647720544701007,0.568837834889533,554.823948562784,0.0147885824724737,0.338661930136175,0.110959836623553,5330.62373020598,49,76,0,0,0,0
2507507,PB,Joao Pessoa,0.02157250177779508,0.03023849296500217,1.0338721096865129,11.785197891600298,212.361681518522,102.413309586761,0.6414,7.782986005512097e-5,1,0.030303030303030304,11,13943,0.02941176470588235,1.5576204758039265,0.0016217946696104716,1.7400685587012128,5028.723880597015,0.78,-0.0026216419710203276,0.008634555151104716,42077.021557649416,1.2456710247254958,425012.943084243,0.541590185143022,0,9908.40447761917,0.023823210065785302,0.0457853006007064,9987.45679248898,0,81.6273137549872,0.0173724212812161,0.00351280577377531,0.0493708884205148,0.0378744331608865,4.2,0.542895668295972,0.516487382657007,544.034003717472,0.0127934527842092,0.212202932749031,0.231046654389196,3993.85950247493,50,73,60,40,56,0
2910800,BA,Feira De Santana,0.0167309741995389,0.0162090373984493,1.02920554772363,10.782704238677155,173.88615538052,71.7650031433877,0.3666,6.0530829366504433e-5,1,0.045454545454545456,18,8334,0.02127659574468085,2.8819459102545366,3.231212748703574e-4,1.682114080976972,3299.410714285714,0.778,-0.008221134293318083,0.007206588881262869,73632.54624902656,1.126074154197464,407447.835837802,0.339065940660951,0,6648.12506188843,0.00890463423975488,0.0562362068223592,0,0,69.7325199436884,0.00134048257372654,0.0154155495978552,0.0423209498276522,0.0257564151666028,3.6,0.50061387354205,0.45326439114688,525.242744008336,0.0124651731593508,0.112645794966237,0.309677419354839,3847.3744509018,0,67,59,0,0,0
3136702,MG,Juiz De Fora,1600.0000352000009,0.02160845318935661,1.026512398856987,11.706666451627685,147.75034520262,177.255758103921,0.5863,5.372462374073885e-5,0,0.1111111111111111,5,6592,0.015625,0.7669236869251073,7.799171223329218e-4,1.6788100594298765,4224.45,0.766,-0.011871214460600105,0.0039928404240671895,17167.596874602736,1.0477825286351865,406419.113262011,0.402693773649705,3060000,12898.5739855108,0.0155968336076495,0.0617099302509528,218.904302845051,0,67.4711596842744,0.003762050317423,0.00815110902108316,0.0536092170232777,0.0367583666431539,4.2,0.555482815057283,0.525265174838685,571.97985046729,0.00856244505364129,0.230114566284779,0.492183960126869,4507.51717675545,0,81,0,0,0,0
5208707,GO,Goiania,0.08807425202018775,0.03896029904009988,1.0441192268307171,17.410414018526794,303.295917609357,57.7482964466809,0.5408,1.3531399147795602e-4,1,0,4,28589,0.05555555555555555,2.236927740133912,4.1570884435689125e-4,1.8311329219388035,3168.579505300353,0.784,0.009278823635444577,0.001968151726605833,27122.365386718928,1.4114728004743924,404656.043823863,0.822536397589527,30104095,17777.3766271585,0.0101905290864746,0.0436876915479079,143.213638888218,0,138.003325381334,0.00449156021346985,0.0130641616961677,0.0602738402839825,0.046557677911666,5.4,0.592534469229907,0.557953742848991,565.47998248029,0.00635886892003154,0.253278780405784,0.222670490448646,5140.29457030489,69,78,60,51,97,41
3143302,MG,Montes Claros,0.03880533881300534,0.01437148049998785,1.037460924673716,17.410414018526794,252.923720702567,87.1638732273954,0.7882,1.1512324792523429e-4,1,0.08333333333333333,12,18195,0.04166666666666666,1.3492258056359447,2.3349813858004483e-4,1.789517009359174,2396.849927849928,0.782,0.003438955234418173,0.001860869025835065,31994.382398948856,1.29756242568371,403350.827816137,0.341396965467103,0,6933.57898380274,0.00439617274372899,0.0450572646211385,2467.34151150763,0,60.0997506234414,0.00168088957848461,0.00594776312386863,0.0473235065942591,0.0315490043961727,4.9,0.585675779745861,0.59492494804737,550.196643538595,0.0109377310313844,0.226222564497497,0.10125348189415,4103.79623532551,0,0,0,0,0,0
2604106,PE,Caruaru,0.41461063040542745,0.01682766774502778,1.0288536116263334,11.553345410426557,171.902705120151,130.401057064313,0.5342,5.9740223580991795e-5,0,0,6,6901,0.01851851851851851,1.4095479779186737,2.601445332133759e-4,1.682114080976972,3385.809210526316,0.775,-0.009340015258495898,9.409866917596451e-4,64186.75754830918,1.113489275147929,379654.81675816,0.300159765350976,0,5931.66927760916,0.00356083086053412,0.0330991985258423,0,0,79.1672775252895,4.4510385756676e-4,0.00905044510385757,0.0388724035608309,0.0216617210682493,4.8,0.413691821057388,0.491204682558247,534.067361835245,0.0112865819929384,0.119521012200633,0.175603906116156,3057.16773087746,0,0,0,0,0,0
4205407,SC,Florianopolis,0.05564709864524257,0.02319423336823078,1.0445859884585356,11.48466901150814,307.788405402172,118.987995611004,0.5119,1.4141729596018447e-4,0,0.08333333333333333,9,28589,0.05555555555555555,1.067546215831885,1.7031488764385577e-4,1.8311329219388035,1292.731914893617,0.805,0.010117261783717274,0.004189944134078212,22185.023255893033,1.436902557117823,369564.684868429,0.720832976053015,61268040.95,24122.5727091094,0.054564152198899,0.0521529850914281,816.52610247414,1,213.375992124531,0.0104651866190793,0.00477890024801887,0.0972112999818523,0.110096182929042,4.5,0.670323741007194,0.607191745676285,580.721049656843,0.0241489099753883,0.361330935251799,0.720747810171264,6023.62146461876,50,80,59,54,62,37
4316907,RS,Santa Maria,0.02450535573902554,0.0162090373984493,1.0305486098263998,10.554393668920394,189.722920701047,141.138769620398,0.4221,6.377206192402884e-5,1,0,7,11814,0.0238095238095238,3.1111326541154294,1.9588230732848268e-4,1.6984272563606102,9421.293333333331,0.714,-0.006029333417133603,0.004212399881340849,54801.2519279265,1.171601127876848,369493.597410998,0.542772883926366,0,10393.7830543662,0.0812142403051494,0.0485714570440571,1202.58740623013,1,82.2674877625138,0.00937698664971392,0.0116020343293071,0.0684996821360458,0.0408455181182454,4.5,0.599573257467994,0.494178950323553,572.311475927388,0.0194179269563688,0.252133712660028,0.590361445783133,4208.440375,0,0,0,0,0,0
2933307,BA,Vitoria Da Conquista,0.32603717563997753,0.01713982791015774,1.0193412977942191,14.802278840601842,96.2992629701469,84.4777775782788,0.8621,2.2504977752876944e-5,0,0,4,911,0.00462962962962962,1.474577916562174,2.148456473130805e-4,1.614022628597253,14263.03846153846,0.759,-0.026908818672066515,0.0053475935828877,15006.757947314363,0.9122636149663176,346322.324039569,0.36702962259136,0,5999.51144647207,0.00782518824745312,0.0349628156438765,0,0,41.923365890308,0.0013288055514543,0.00797283330872582,0.0283478517643585,0.0205226635169054,4.5,0.459907834101382,0.52517252356545,541.531018027572,0.0147086091487774,0.166129032258065,0.199205621753743,3583.55922978723,0,0,0,0,0,0
3205200,ES,Vila Velha,0.03417008044451948,0.02160845318935661,1.024962339746695,11.706666451627685,138.140204628807,104.713806511606,0.8066,4.5977727487856675e-5,1,0,2,3626,0.01149425287356321,1.3849540216505645,3.272126874760404e-4,1.637974807947454,8422.549019607843,0.837,-0.014558138151074485,0.04643196955280685,34855.75226044938,1.030725608426148,340544.196872336,0.262907894744439,0,8128.94716261513,0.00255754475703325,0.0416677984517181,0,0,112.144479290581,0.0043691389599318,0.00852514919011083,0.0618073316283035,0.0502983802216539,4.6,0.601992966002345,0.500745109976231,549.008793947486,0.0105165248113049,0.2010550996483,0.590093085106383,3749.27468910322,65,92,0,0,83,0
4119905,PR,Ponta Grossa,0.0906453286511499,0.02397929430522558,1.0231901547680518,14.802278840601842,117.226133009181,74.2901438940024,0.5726,4.0803425326727325e-5,1,0.2,7,2629,0.00840336134453781,2.03641447569526,5.415558782653023e-4,1.617992071838848,12949.291666666668,0.739,-0.020275582172879975,0.02589971389850926,43440.259205352966,1.0054876730103806,322919.127744608,0.336031589232432,0,8946.14432139294,0.0194634402945818,0.0764356644515769,0,0,57.2554169402495,0.00460284061020516,0.0153866386112572,0.0545765386638611,0.034850078905839,4.8,0.535650623885918,0.607377182469783,548.828213096559,0.0215266719480722,0.209447415329768,0.344666123778502,5406.69087503208,0,0,0,0,0,0
4115200,PR,Maringa,0.04819054846794566,0.01686736771017009,1.0222527347621688,14.802278840601842,107.639075696261,133.236029435018,0.6034,3.05447978739934e-5,1,0.08333333333333333,3,1738,0.00704225352112676,2.8712721501304785,3.694216671336402e-4,1.617992071838848,9612.971428571427,0.805,-0.022670338189426043,7.554296506137865e-4,22064.56758975516,0.9687012697705504,322713.085661619,0.490703648258993,0,16487.6712985025,0.0300829164667991,0.0671336908086025,165.096553141917,0,148.792068146907,0.00849722469677243,0.0248749400397451,0.07345987802371,0.0622901391077914,5.2,0.668103448275862,0.525030064976906,563.229424703892,0.0106453965133706,0.316451149425287,0.24031683743914,5013.04802803628,0,76,0,0,0,0
4104808,PR,Cascavel,0.08679541711738144,0.02235767058840216,1.0244095998958431,14.802278840601842,122.184881777689,72.7446507162438,0.6951,4.1975597716568633e-005,0,0,9,2777,0.00943396226415094,0.8240512606771094,3.8674874686377977e-4,1.617992071838848,9245.90243902439,0.788,-0.0175295575621561,0.026385224274406333,19678.542359331987,1.017958060678168,321415.416753635,0.49755696159419,4000000,11573.7020825832,0.0109312158399505,0.0631154986136342,17.531195215015,1,102.969867765012,0.00824997421883057,0.0237186758791379,0.0697122821491183,0.0398061256058575,5,0.558285714285714,0.527849069305648,546.759985549133,0.0202387562517386,0.247142857142857,0.297551789077213,4862.89900335946,0,0,0,0,0,0
3516200,SP,Franca,0.06599833414878503,0.01713982791015774,1.0158118790605246,14.802278840601842,86.5629664663819,55.0909087578189,0.8224,1.550745534477463e-5,1,125,11,179,0.00284900284900284,2.2298431662850553,1.945811552242606e-4,1.554992302788101,6245.913978494624,0.797,-0.031045716067963608,0.006271344303011487,35383.286484626995,0.8710615122456481,244721.914556181,0.481793459629314,0,12642.8949179866,0.00281446200476294,0.0492983582500229,0,0,151.265008576329,0.00411344446849968,0.0194847369560511,0.0653821173414159,0.0348560294436025,5.6,0.528414517669532,0.605936460174701,548.606727828746,0.0140368364990037,0.155205348615091,0.162880699983173,3940.04501080432,0,0,0,0,0,0
1501402,PA,Belem,0.05580639431467721,0.06603462749376324,1.0194142503364698,14.802278840601842,99.2184813957109,72.5870993605362,845,2.4852546799423907e-5,1,0.3333333333333333,3,1126,0.00492610837438423,2.821783239071761,5.816083501120794e-4,1.614022628597253,14746.2,0.727,-0.02568930854018317,0.013442570792236716,55603.179110937424,0.9255227504111522,0,0.52659183663228,0,11291.902255679,0.0525687769307259,0.0348191440441145,1625.09552535631,1,60.6902512811014,0.00662910175671197,0.00464037122969838,0.0463374212794166,0.0346702021876036,4.1,0.541718972298937,0.496506505851505,525.625875980575,0.0120325706541974,0.158255920997573,0.189155107187894,5186.92444754234,50,65,88,47,55,48
